frame.number,ip.src,ip.dst,ISN,ASCII Code,Covert ISN (n),Feature Extraction
1,150.204.49.186,37.252.225.68,3632130410,70,3632130410,-2469129464
2,37.252.225.68,150.204.49.186,1163000946,71,1163000946,2041727895
3,150.204.49.186,150.204.48.133,3204728841,72,3204728841,485618466
4,150.204.48.133,150.204.49.186,3690347307,73,3690347307,-485618465
5,150.204.49.186,150.204.48.133,3204728842,74,3204728842,485618466
7,150.204.48.133,150.204.49.186,3690347308,75,3690347308,-485618350
8,150.204.49.186,150.204.48.133,3204728958,76,3204728958,485618434
9,150.204.48.133,150.204.49.186,3690347392,77,3690347392,-909199827
10,150.204.49.186,150.204.48.133,2781147565,78,2781147565,-1059050289
11,150.204.48.133,150.204.49.186,1722097276,79,1722097276,1059050290
12,150.204.49.186,150.204.48.133,2781147566,80,2781147566,-1751326929
13,150.204.49.186,150.204.36.1,1029820637,81,1029820637,-396854666
14,150.204.36.1,150.204.49.186,632965971,82,632965971,396854667
15,150.204.49.186,150.204.36.1,1029820638,83,1029820638,-396854666
17,150.204.36.1,150.204.49.186,632965972,84,632965972,1460
19,150.204.36.1,150.204.49.186,632967432,85,632967432,396854950
20,150.204.49.186,150.204.36.1,1029822382,86,1029822382,-756308008
22,150.204.49.186,150.204.48.108,273514374,87,273514374,359453298
23,150.204.36.1,150.204.49.186,632967672,88,632967672,470262402
25,150.204.48.108,150.204.49.186,1103230074,89,1103230074,-829715699
26,150.204.49.186,150.204.48.108,273514375,90,273514375,829715700
28,150.204.48.108,150.204.49.186,1103230075,91,1103230075,-829713861
30,150.204.49.186,150.204.48.108,273516214,92,273516214,829713983
32,150.204.48.108,150.204.49.186,1103230197,93,1103230197,618867080
34,150.204.48.133,150.204.49.186,1722097277,94,1722097277,1059050290
36,150.204.49.186,150.204.48.133,2781147567,95,2781147567,423581547
37,150.204.49.186,150.204.48.133,3204729114,96,3204729114,-244005381
38,150.204.49.186,216.58.213.67,2960723733,97,2960723733,891337521
39,150.204.49.186,216.58.213.78,3852061254,98,3852061254,44291141
40,150.204.49.186,216.58.213.67,3896352395,99,3896352395,-3727291228
41,150.204.49.186,216.58.213.67,169061167,100,169061167,3078153178
42,150.204.49.186,216.58.213.67,3247214345,101,3247214345,-1006604354
43,150.204.49.186,216.58.213.67,2240609991,102,2240609991,-987443884
44,150.204.49.186,216.58.213.67,1253166107,103,1253166107,87487869
45,150.204.49.186,216.58.213.67,1340653976,104,1340653976,1444406228
46,150.204.49.186,216.58.213.67,2785060204,105,2785060204,1020062972
47,150.204.49.186,216.58.213.67,3805123176,106,3805123176,-3330639817
48,150.204.49.186,216.58.213.78,474483359,107,474483359,2485361510
49,216.58.213.67,150.204.49.186,2959844869,108,2959844869,878865
50,150.204.49.186,216.58.213.67,2960723734,109,2960723734,-555652849
51,216.58.213.78,150.204.49.186,2405070885,110,2405070885,757538051
52,216.58.213.67,150.204.49.186,3162608936,111,3162608936,689452319
53,150.204.49.186,216.58.213.78,3852061255,112,3852061255,44291141
54,150.204.49.186,216.58.213.67,3896352396,113,3896352396,61248118
55,216.58.213.67,150.204.49.186,3957600514,114,3957600514,-3788539346
56,150.204.49.186,216.58.213.67,169061168,115,169061168,878562082
57,216.58.213.67,150.204.49.186,1047623250,116,1047623250,1954992684
58,216.58.213.67,150.204.49.186,3002615934,117,3002615934,-319075155
59,216.58.213.67,150.204.49.186,2683540779,118,2683540779,1602477548
60,216.58.213.67,150.204.49.186,4286018327,119,4286018327,-2619608538
61,216.58.213.67,150.204.49.186,1666409789,120,1666409789,574200203
62,150.204.49.186,216.58.213.67,2240609992,121,2240609992,-987443884
63,150.204.49.186,216.58.213.67,1253166108,122,1253166108,1994048238
64,150.204.49.186,216.58.213.67,3247214346,123,3247214346,-462154141
65,150.204.49.186,216.58.213.67,2785060205,124,2785060205,-1444406228
66,150.204.49.186,216.58.213.67,1340653977,125,1340653977,2831537144
67,216.58.213.67,150.204.49.186,4172191121,126,4172191121,-1673388041
68,216.58.213.78,150.204.49.186,2498803080,127,2498803080,1306320097
69,150.204.49.186,216.58.213.67,3805123177,128,3805123177,-3330639817
70,150.204.49.186,216.58.213.78,474483360,129,474483360,2485361510
82,216.58.213.67,150.204.49.186,2959844870,130,2959844870,-554773984
83,216.58.213.78,150.204.49.186,2405070886,131,2405070886,757538051
84,216.58.213.67,150.204.49.186,3162608937,132,3162608937,-2114985686
85,216.58.213.67,150.204.49.186,1047623251,133,1047623251,2909977264
86,216.58.213.67,150.204.49.186,3957600515,134,3957600515,-954984580
87,216.58.213.67,150.204.49.186,3002615935,135,3002615935,-597543619
90,216.58.213.78,150.204.49.186,2405072316,136,2405072316,1552529629
91,216.58.213.67,150.204.49.186,3957601945,137,3957601945,1430
92,216.58.213.67,150.204.49.186,3957603375,138,3957603375,-1552529629
93,216.58.213.78,150.204.49.186,2405073746,139,2405073746,1552530865
94,216.58.213.67,150.204.49.186,3957604611,140,3957604611,-105543160
95,150.204.49.186,216.58.213.78,3852061451,141,3852061451,-3683000087
96,150.204.49.186,216.58.213.67,169061364,142,169061364,2514479416
97,216.58.213.67,150.204.49.186,2683540780,143,2683540780,479069587
100,216.58.213.67,150.204.49.186,3162610367,144,3162610367,-1496200577
101,216.58.213.67,150.204.49.186,1666409790,145,1666409790,1293436510
102,216.58.213.67,150.204.49.186,2959846300,146,2959846300,1326172028
103,216.58.213.67,150.204.49.186,4286018328,147,4286018328,-1123406531
104,216.58.213.67,150.204.49.186,3162611797,148,3162611797,-202764067
105,216.58.213.67,150.204.49.186,2959847730,149,2959847730,1212343392
106,216.58.213.67,150.204.49.186,4172191122,150,4172191122,-1673388041
107,216.58.213.78,150.204.49.186,2498803081,151,2498803081,663809952
108,216.58.213.67,150.204.49.186,3162613033,152,3162613033,-201889102
109,150.204.49.186,216.58.213.67,2960723931,153,2960723931,935628661
110,150.204.49.186,216.58.213.67,3896352592,154,3896352592,275839960
113,216.58.213.67,150.204.49.186,4172192552,155,4172192552,1430
114,216.58.213.67,150.204.49.186,4172193982,156,4172193982,-1673389471
116,216.58.213.78,150.204.49.186,2498804511,157,2498804511,1430
117,216.58.213.78,150.204.49.186,2498805941,158,2498805941,1306317432
118,150.204.49.186,216.58.213.67,3805123373,159,3805123373,-3330639817
119,150.204.49.186,216.58.213.78,474483556,160,474483556,573141125
121,216.58.213.67,150.204.49.186,1047624681,161,1047624681,1954992684
122,216.58.213.67,150.204.49.186,3002617365,162,3002617365,-1954991254
123,216.58.213.67,150.204.49.186,1047626111,163,1047626111,1954992684
125,216.58.213.67,150.204.49.186,3002618795,164,3002618795,-319076585
126,216.58.213.67,150.204.49.186,2683542210,165,2683542210,563672333
127,150.204.49.186,216.58.213.67,3247214543,166,3247214543,-1006604354
128,150.204.49.186,216.58.213.67,2240610189,167,2240610189,-987443884
129,150.204.49.186,216.58.213.67,1253166305,168,1253166305,1430377335
130,216.58.213.67,150.204.49.186,2683543640,169,2683543640,1602476118
132,216.58.213.67,150.204.49.186,4286019758,170,4286019758,1430
133,216.58.213.67,150.204.49.186,4286021188,171,4286021188,-2619609968
135,216.58.213.67,150.204.49.186,1666411220,172,1666411220,1430
136,216.58.213.67,150.204.49.186,1666412650,173,1666412650,1118647752
137,150.204.49.186,216.58.213.67,2785060402,1,2785060402,-1444406228
138,150.204.49.186,216.58.213.67,1340654174,2,1340654174,1158153081
140,216.58.213.78,150.204.49.186,2498807255,3,2498807255,262
141,216.58.213.78,150.204.49.186,2498807517,4,2498807517,62
142,216.58.213.78,150.204.49.186,2498807579,5,2498807579,-2024323930
143,150.204.49.186,216.58.213.78,474483649,6,474483649,53
145,150.204.49.186,216.58.213.78,474483702,10,474483702,50
146,150.204.49.186,216.58.213.78,474483752,20,474483752,42
147,150.204.49.186,216.58.213.78,474483794,30,474483794,2024323827
148,216.58.213.78,150.204.49.186,2498807621,50,2498807621,38
150,216.58.213.78,150.204.49.186,2498807659,50,2498807659,1458797035
158,216.58.213.67,150.204.49.186,3957604694,50,3957604694,294
159,216.58.213.67,150.204.49.186,3957604988,50,3957604988,62
160,216.58.213.67,150.204.49.186,3957605050,50,3957605050,-3788543428
161,150.204.49.186,216.58.213.67,169061622,50,169061622,2993551492
163,216.58.213.67,150.204.49.186,3162613114,50,3162613114,294
164,216.58.213.67,150.204.49.186,3162613408,50,3162613408,62
165,216.58.213.67,150.204.49.186,3162613470,50,3162613470,733739380
166,150.204.49.186,216.58.213.67,3896352850,50,3896352850,275842451
168,216.58.213.67,150.204.49.186,4172195301,50,4172195301,294
169,216.58.213.67,150.204.49.186,4172195595,50,4172195595,62
170,216.58.213.67,150.204.49.186,4172195657,50,4172195657,-367072026
171,150.204.49.186,216.58.213.67,3805123631,50,3805123631,-1400048567
173,216.58.213.78,150.204.49.186,2405075064,50,2405075064,294
174,216.58.213.78,150.204.49.186,2405075358,50,2405075358,62
175,216.58.213.78,150.204.49.186,2405075420,50,2405075420,1446986289
176,150.204.49.186,216.58.213.78,3852061709,50,3852061709,-892213103
178,216.58.213.67,150.204.49.186,2959848606,50,2959848606,294
179,216.58.213.67,150.204.49.186,2959848900,50,2959848900,62
180,216.58.213.67,150.204.49.186,2959848962,50,2959848962,875227
181,150.204.49.186,216.58.213.67,2960724189,50,2960724189,-1913097202
182,216.58.213.67,150.204.49.186,1047626987,50,1047626987,294
183,216.58.213.67,150.204.49.186,1047627281,50,1047627281,62
184,216.58.213.67,150.204.49.186,1047627343,50,1047627343,1192983104
185,150.204.49.186,216.58.213.67,2240610447,50,2240610447,762009224
186,216.58.213.67,150.204.49.186,3002619671,50,3002619671,294
187,216.58.213.67,150.204.49.186,3002619965,50,3002619965,62
188,216.58.213.67,150.204.49.186,3002620027,50,3002620027,244594774
189,150.204.49.186,216.58.213.67,3247214801,50,3247214801,-563670285
190,216.58.213.67,150.204.49.186,2683544516,50,2683544516,294
191,216.58.213.67,150.204.49.186,2683544810,50,2683544810,62
192,216.58.213.67,150.204.49.186,2683544872,50,2683544872,-1430378309
193,150.204.49.186,216.58.213.67,1253166563,50,1253166563,3032855501
194,216.58.213.67,150.204.49.186,4286022064,50,4286022064,294
195,216.58.213.67,150.204.49.186,4286022358,50,4286022358,62
196,216.58.213.67,150.204.49.186,4286022420,50,4286022420,-1500961760
197,150.204.49.186,216.58.213.67,2785060660,50,2785060660,-1118647134
198,216.58.213.67,150.204.49.186,1666413526,50,1666413526,294
199,216.58.213.67,150.204.49.186,1666413820,50,1666413820,62
200,216.58.213.67,150.204.49.186,1666413882,50,1666413882,-325759450
201,150.204.49.186,216.58.213.67,1340654432,50,1340654432,-196201568
202,150.204.49.186,216.58.213.78,1144452864,50,1144452864,2709930980
203,150.204.49.186,216.58.213.78,3854383844,50,3854383844,-3818868829
204,216.58.213.78,150.204.49.186,35515015,50,35515015,1108937850
205,150.204.49.186,216.58.213.78,1144452865,50,1144452865,967085325
206,216.58.213.78,150.204.49.186,2111538190,50,2111538190,1742845655
207,150.204.49.186,216.58.213.78,3854383845,50,3854383845,-14735307
208,150.204.49.186,74.125.133.95,3839648538,50,3839648538,-3804133522
211,216.58.213.78,150.204.49.186,35515016,50,35515016,2076023175
212,216.58.213.78,150.204.49.186,2111538191,50,2111538191,-2076021745
214,216.58.213.78,150.204.49.186,35516446,50,35516446,1430
215,216.58.213.78,150.204.49.186,35517876,50,35517876,1108935193
216,150.204.49.186,216.58.213.78,1144453069,72,1144453069,967086552
218,216.58.213.78,150.204.49.186,2111539621,,2111539621,1430
219,216.58.213.78,150.204.49.186,2111541051,,2111541051,1236
220,216.58.213.78,150.204.49.186,2111542287,,2111542287,1742841754
221,150.204.49.186,216.58.213.78,3854384041,73,3854384041,-3705083707
222,74.125.133.95,150.204.49.186,149300334,74,149300334,3690348205
223,150.204.49.186,74.125.133.95,3839648539,75,3839648539,-1728106173
227,216.58.213.78,150.204.49.186,2111542366,76,2111542366,262
228,216.58.213.78,150.204.49.186,2111542628,77,2111542628,62
229,216.58.213.78,150.204.49.186,2111542690,78,2111542690,1742841444
230,150.204.49.186,216.58.213.78,3854384134,79,3854384134,-3818864940
231,216.58.213.78,150.204.49.186,35519194,80,35519194,294
232,216.58.213.78,150.204.49.186,35519488,81,35519488,62
233,216.58.213.78,150.204.49.186,35519550,82,35519550,1108933777
234,150.204.49.186,216.58.213.78,1144453327,83,1144453327,-995152992
235,74.125.133.95,150.204.49.186,149300335,84,149300335,1430
237,74.125.133.95,150.204.49.186,149301765,85,149301765,1430
238,74.125.133.95,150.204.49.186,149303195,86,149303195,3690345545
239,150.204.49.186,74.125.133.95,3839648740,87,3839648740,-3690344583
241,74.125.133.95,150.204.49.186,149304157,88,149304157,262
242,74.125.133.95,150.204.49.186,149304419,89,149304419,62
243,74.125.133.95,150.204.49.186,149304481,90,149304481,3690344352
244,150.204.49.186,74.125.133.95,3839648833,91,3839648833,-3365165001
246,150.204.49.186,216.58.213.78,474483832,92,474483832,669969548
248,150.204.49.186,216.58.213.78,1144453380,93,1144453380,50
249,150.204.49.186,216.58.213.78,1144453430,94,1144453430,2709930757
251,150.204.49.186,216.58.213.78,3854384187,95,3854384187,50
252,150.204.49.186,216.58.213.78,3854384237,96,3854384237,-3818864645
253,216.58.213.78,150.204.49.186,35519592,97,35519592,2076023140
255,216.58.213.78,150.204.49.186,2111542732,98,2111542732,-967089260
257,150.204.49.186,216.58.213.78,1144453472,99,1144453472,2709930807
258,150.204.49.186,216.58.213.78,3854384279,100,3854384279,-14735393
264,150.204.49.186,74.125.133.95,3839648886,101,3839648886,50
265,150.204.49.186,74.125.133.95,3839648936,102,3839648936,-3690344413
266,74.125.133.95,150.204.49.186,149304523,103,149304523,995148987
269,150.204.49.186,216.58.213.78,1144453510,104,1144453510,388
270,150.204.49.186,216.58.213.78,1144453898,105,1144453898,2709930419
272,150.204.49.186,216.58.213.78,3854384317,106,3854384317,-3818864687
273,216.58.213.78,150.204.49.186,35519630,107,35519630,2076023140
274,216.58.213.78,150.204.49.186,2111542770,108,2111542770,1728106208
275,150.204.49.186,74.125.133.95,3839648978,109,3839648978,38
276,150.204.49.186,74.125.133.95,3839649016,110,3839649016,-3804129132
278,216.58.213.78,150.204.49.186,35519884,111,35519884,1108934060
279,150.204.49.186,216.58.213.78,1144453944,112,1144453944,967089038
281,216.58.213.78,150.204.49.186,2111542982,113,2111542982,38
282,216.58.213.78,150.204.49.186,2111543020,114,2111543020,1742841534
283,150.204.49.186,216.58.213.78,3854384554,115,3854384554,-3705079993
286,74.125.133.95,150.204.49.186,149304561,116,149304561,313
288,74.125.133.95,150.204.49.186,149304874,117,149304874,1101
289,74.125.133.95,150.204.49.186,149305975,118,149305975,3690343280
290,150.204.49.186,74.125.133.95,3839649255,119,3839649255,-3804129221
292,216.58.213.78,150.204.49.186,35520034,120,35520034,2076023032
293,216.58.213.78,150.204.49.186,2111543066,121,2111543066,-1962237045
294,74.125.133.95,150.204.49.186,149306021,122,149306021,320342487
295,150.204.49.186,150.204.209.123,469648508,123,469648508,2491075734
297,150.204.49.186,216.58.213.67,2960724242,124,2960724242,50
298,150.204.49.186,216.58.213.67,2960724292,125,2960724292,42
299,150.204.49.186,216.58.213.67,2960724334,126,2960724334,38
300,150.204.49.186,216.58.213.67,2960724372,127,2960724372,-875368
301,216.58.213.67,150.204.49.186,2959849004,128,2959849004,38
303,216.58.213.67,150.204.49.186,2959849042,129,2959849042,876000
305,150.204.49.186,216.58.213.67,2960725042,130,2960725042,-875784
306,216.58.213.67,150.204.49.186,2959849258,131,2959849258,38
307,216.58.213.67,150.204.49.186,2959849296,132,2959849296,46
310,216.58.213.67,150.204.49.186,2959849342,133,2959849342,-1816243112
311,150.204.49.186,216.58.213.68,1143606230,134,1143606230,1252305478
312,216.58.213.68,150.204.49.186,2395911708,135,2395911708,-1252305477
313,150.204.49.186,216.58.213.68,1143606231,136,1143606231,1252305478
315,216.58.213.68,150.204.49.186,2395911709,137,2395911709,1430
317,216.58.213.68,150.204.49.186,2395913139,138,2395913139,1430
318,216.58.213.68,150.204.49.186,2395914569,139,2395914569,-1252308143
319,150.204.49.186,216.58.213.68,1143606426,140,1143606426,1252309014
321,216.58.213.68,150.204.49.186,2395915440,141,2395915440,294
322,216.58.213.68,150.204.49.186,2395915734,142,2395915734,62
323,216.58.213.68,150.204.49.186,2395915796,143,2395915796,-1252309112
324,150.204.49.186,216.58.213.68,1143606684,144,1143606684,53
326,150.204.49.186,216.58.213.68,1143606737,145,1143606737,50
327,150.204.49.186,216.58.213.68,1143606787,146,1143606787,42
328,150.204.49.186,216.58.213.68,1143606829,147,1143606829,1252309009
329,216.58.213.68,150.204.49.186,2395915838,148,2395915838,38
331,216.58.213.68,150.204.49.186,2395915876,149,2395915876,-1252309009
332,150.204.49.186,216.58.213.68,1143606867,150,1143606867,2865357002
335,150.204.49.186,5.144.130.116,4008963869,151,4008963869,-84471196
336,150.204.49.186,5.144.130.116,3924492673,152,3924492673,-1690295032
337,150.204.49.186,5.144.130.116,2234197641,153,2234197641,-1790151851
338,150.204.49.186,5.144.130.116,444045790,154,444045790,2018205860
339,150.204.49.186,5.144.130.116,2462251650,155,2462251650,-1470656939
340,150.204.49.186,5.144.130.116,991594711,156,991594711,3073460086
341,150.204.49.186,5.144.130.116,4065054797,157,4065054797,-1845608953
342,150.204.49.186,5.144.130.116,2219445844,158,2219445844,-1008002171
343,150.204.49.186,5.144.130.116,1211443673,159,1211443673,2586505821
344,150.204.49.186,5.144.130.116,3797949494,160,3797949494,-3255020903
345,150.204.49.186,5.144.130.116,542928591,161,542928591,177990162
346,150.204.49.186,5.144.130.116,720918753,162,720918753,-384664702
347,150.204.49.186,199.167.138.18,336254051,163,336254051,1405796011
348,150.204.49.186,199.167.138.18,1742050062,164,1742050062,-988323525
349,150.204.49.186,199.167.138.18,753726537,165,753726537,653565859
350,150.204.49.186,199.167.138.18,1407292396,166,1407292396,2295274484
351,150.204.49.186,199.167.138.18,3702566880,167,3702566880,-332672504
352,150.204.49.186,199.167.138.18,3369894376,168,3369894376,-1180292129
353,199.167.138.18,150.204.49.186,2189602247,169,2189602247,-447552184
354,150.204.49.186,199.167.138.18,1742050063,170,1742050063,-1235708323
355,199.167.138.18,150.204.49.186,506341740,171,506341740,-41862078
356,199.167.138.18,150.204.49.186,464479662,172,464479662,3491041346
357,199.167.138.18,150.204.49.186,3955521008,173,3955521008,-557091337
358,199.167.138.18,150.204.49.186,3398429671,174,3398429671,-2644703133
359,150.204.49.186,199.167.138.18,753726538,175,753726538,-417472486
360,150.204.49.186,199.167.138.18,336254052,176,336254052,3033640325
361,150.204.49.186,199.167.138.18,3369894377,177,3369894377,-1962601980
362,150.204.49.186,199.167.138.18,1407292397,178,1407292397,-329727831
363,199.167.138.18,150.204.49.186,1077564566,179,1077564566,2625002315
364,150.204.49.186,199.167.138.18,3702566881,180,3702566881,-482315095
365,5.144.130.116,150.204.49.186,3220251786,181,3220251786,788712084
366,150.204.49.186,5.144.130.116,4008963870,182,4008963870,-463947254
367,5.144.130.116,150.204.49.186,3545016616,183,3545016616,-1760449421
368,5.144.130.116,150.204.49.186,1784567195,184,1784567195,767770818
369,5.144.130.116,150.204.49.186,2552338013,185,2552338013,-2539547407
370,5.144.130.116,150.204.49.186,12790606,186,12790606,4277019972
371,5.144.130.116,150.204.49.186,4289810578,187,4289810578,-365317904
372,150.204.49.186,5.144.130.116,3924492674,188,3924492674,-3480446883
373,150.204.49.186,5.144.130.116,444045791,189,444045791,2018205860
374,150.204.49.186,5.144.130.116,2462251651,190,2462251651,-228054009
375,150.204.49.186,5.144.130.116,2234197642,191,2234197642,-1242602930
376,150.204.49.186,5.144.130.116,991594712,192,991594712,1415714402
377,5.144.130.116,150.204.49.186,2407309114,193,2407309114,-1733632241
378,5.144.130.116,150.204.49.186,673676873,194,673676873,2470076935
379,5.144.130.116,150.204.49.186,3143753808,195,3143753808,779973840
380,5.144.130.116,150.204.49.186,3923727648,196,3923727648,32275266
381,5.144.130.116,150.204.49.186,3956002914,197,3956002914,249723513
382,5.144.130.116,150.204.49.186,4205726427,198,4205726427,-3662797835
383,150.204.49.186,5.144.130.116,542928592,199,542928592,668515082
384,150.204.49.186,5.144.130.116,1211443674,200,1211443674,1008002171
385,150.204.49.186,5.144.130.116,2219445845,201,2219445845,1845608953
386,150.204.49.186,5.144.130.116,4065054798,202,4065054798,-267105303
387,150.204.49.186,5.144.130.116,3797949495,203,3797949495,-3077030741
388,150.204.49.186,5.144.130.116,720918754,204,720918754,2499333033
390,5.144.130.116,150.204.49.186,3220251787,1,3220251787,1460
392,5.144.130.116,150.204.49.186,3220253247,2,3220253247,1290
393,5.144.130.116,150.204.49.186,3220254537,3,3220254537,788709746
394,150.204.49.186,5.144.130.116,4008964283,4,4008964283,-788708286
395,5.144.130.116,150.204.49.186,3220255997,5,3220255997,1460
396,5.144.130.116,150.204.49.186,3220257457,6,3220257457,1460
397,5.144.130.116,150.204.49.186,3220258917,7,3220258917,1416
399,5.144.130.116,150.204.49.186,3220260333,8,3220260333,1460
400,5.144.130.116,150.204.49.186,3220261793,9,3220261793,1460
402,5.144.130.116,150.204.49.186,3220263253,10,3220263253,2920
406,5.144.130.116,150.204.49.186,3220266173,11,3220266173,1460
408,5.144.130.116,150.204.49.186,3220267633,12,3220267633,1460
410,5.144.130.116,150.204.49.186,3220269093,13,3220269093,1460
411,5.144.130.116,150.204.49.186,3220270553,14,3220270553,1460
412,5.144.130.116,150.204.49.186,3220272013,15,3220272013,1460
416,5.144.130.116,150.204.49.186,3220273473,16,3220273473,1460
418,5.144.130.116,150.204.49.186,3220274933,17,3220274933,1460
420,5.144.130.116,150.204.49.186,3220276393,18,3220276393,-1435709197
422,5.144.130.116,150.204.49.186,1784567196,19,1784567196,1760449421
424,5.144.130.116,150.204.49.186,3545016617,20,3545016617,1460
426,5.144.130.116,150.204.49.186,3545018077,21,3545018077,1460
427,5.144.130.116,150.204.49.186,3545019537,22,3545019537,1460
428,5.144.130.116,150.204.49.186,3545020997,23,3545020997,1460
429,5.144.130.116,150.204.49.186,3545022457,24,3545022457,379470622
430,150.204.49.186,5.144.130.116,3924493079,25,3924493079,-379469162
431,5.144.130.116,150.204.49.186,3545023917,26,3545023917,1460
432,5.144.130.116,150.204.49.186,3545025377,27,3545025377,1460
433,5.144.130.116,150.204.49.186,3545026837,28,3545026837,1460
434,5.144.130.116,150.204.49.186,3545028297,29,3545028297,1460
435,5.144.130.116,150.204.49.186,3545029757,30,3545029757,-324751904
437,5.144.130.116,150.204.49.186,3220277853,31,3220277853,1460
439,5.144.130.116,150.204.49.186,3220279313,32,3220279313,1460
440,5.144.130.116,150.204.49.186,3220280773,33,3220280773,-16060
443,5.144.130.116,150.204.49.186,3220264713,34,3220264713,17520
444,5.144.130.116,150.204.49.186,3220282233,35,3220282233,1460
446,5.144.130.116,150.204.49.186,3220283693,36,3220283693,1460
448,5.144.130.116,150.204.49.186,3220285153,37,3220285153,-2776238873
450,150.204.49.186,5.144.130.116,444046280,38,444046280,3100984937
451,5.144.130.116,150.204.49.186,3545031217,39,3545031217,1460
452,5.144.130.116,150.204.49.186,3545032677,40,3545032677,1460
453,5.144.130.116,150.204.49.186,3545034137,41,3545034137,1460
454,5.144.130.116,150.204.49.186,3545035597,42,3545035597,1460
456,5.144.130.116,150.204.49.186,3545037057,43,3545037057,1460
457,5.144.130.116,150.204.49.186,3545038517,44,3545038517,1460
458,5.144.130.116,150.204.49.186,3545039977,45,3545039977,1460
459,5.144.130.116,150.204.49.186,3545041437,46,3545041437,1460
461,5.144.130.116,150.204.49.186,3545042897,47,3545042897,1460
462,5.144.130.116,150.204.49.186,3545044357,48,3545044357,-324751904
464,5.144.130.116,150.204.49.186,3220292453,49,3220292453,1460
466,5.144.130.116,150.204.49.186,3220293913,50,3220293913,1460
468,5.144.130.116,150.204.49.186,3220295373,51,3220295373,1460
470,5.144.130.116,150.204.49.186,3220296833,52,3220296833,324748984
472,5.144.130.116,150.204.49.186,3545045817,53,3545045817,1460
473,5.144.130.116,150.204.49.186,3545047277,54,3545047277,4380
474,5.144.130.116,150.204.49.186,3545051657,55,3545051657,1460
475,5.144.130.116,150.204.49.186,3545053117,56,3545053117,-324766504
478,5.144.130.116,150.204.49.186,3220286613,57,3220286613,1460
480,5.144.130.116,150.204.49.186,3220288073,58,3220288073,1460
482,5.144.130.116,150.204.49.186,3220289533,59,3220289533,1460
483,5.144.130.116,150.204.49.186,3220290993,60,3220290993,7300
484,5.144.130.116,150.204.49.186,3220298293,61,3220298293,324762124
492,5.144.130.116,150.204.49.186,3545060417,62,3545060417,1460
494,5.144.130.116,150.204.49.186,3545061877,63,3545061877,1460
495,5.144.130.116,150.204.49.186,3545063337,64,3545063337,-1355461089
501,199.167.138.18,150.204.49.186,2189602248,65,2189602248,-1725122585
502,199.167.138.18,150.204.49.186,464479663,66,464479663,41862078
503,199.167.138.18,150.204.49.186,506341741,67,506341741,1683261967
505,199.167.138.18,150.204.49.186,2189603708,68,2189603708,1460
506,199.167.138.18,150.204.49.186,2189605168,69,2189605168,-1725124045
508,199.167.138.18,150.204.49.186,464481123,70,464481123,1460
509,199.167.138.18,150.204.49.186,464482583,71,464482583,1277567929
510,150.204.49.186,199.167.138.18,1742050512,72,1742050512,-988323527
511,150.204.49.186,199.167.138.18,753726985,73,753726985,2466572768
512,5.144.130.116,150.204.49.186,3220299753,74,3220299753,-2713956552
514,199.167.138.18,150.204.49.186,506343201,75,506343201,1460
515,199.167.138.18,150.204.49.186,506344661,76,506344661,-170090162
516,150.204.49.186,199.167.138.18,336254499,77,336254499,3062175173
517,199.167.138.18,150.204.49.186,3398429672,78,3398429672,557091337
518,199.167.138.18,150.204.49.186,3955521009,79,3955521009,-557089877
520,199.167.138.18,150.204.49.186,3398431132,80,3398431132,1460
521,199.167.138.18,150.204.49.186,3398432592,81,3398432592,-1991139744
522,150.204.49.186,199.167.138.18,1407292848,82,1407292848,2548229621
524,199.167.138.18,150.204.49.186,3955522469,83,3955522469,1460
525,199.167.138.18,150.204.49.186,3955523929,84,3955523929,-585629112
526,150.204.49.186,199.167.138.18,3369894817,85,3369894817,-2292330250
527,199.167.138.18,150.204.49.186,1077564567,86,1077564567,1460
529,199.167.138.18,150.204.49.186,1077566027,87,1077566027,1460
530,199.167.138.18,150.204.49.186,1077567487,88,1077567487,2624999843
531,150.204.49.186,199.167.138.18,3702567330,89,3702567330,-558813521
532,5.144.130.116,150.204.49.186,3143753809,90,3143753809,401294928
534,5.144.130.116,150.204.49.186,3545048737,91,3545048737,1460
536,5.144.130.116,150.204.49.186,3545050197,92,3545050197,4380
537,5.144.130.116,150.204.49.186,3545054577,93,3545054577,1460
538,5.144.130.116,150.204.49.186,3545056037,94,3545056037,1460
539,5.144.130.116,150.204.49.186,3545057497,95,3545057497,1460
540,5.144.130.116,150.204.49.186,3545058957,96,3545058957,-1355453342
553,199.167.138.18,150.204.49.186,2189605615,97,2189605615,-1725122461
554,199.167.138.18,150.204.49.186,464483154,98,464483154,613085452
555,199.167.138.18,150.204.49.186,1077568606,99,1077568606,1460
556,199.167.138.18,150.204.49.186,1077570066,100,1077570066,1460
557,199.167.138.18,150.204.49.186,1077571526,101,1077571526,2624996253
558,150.204.49.186,199.167.138.18,3702567779,102,3702567779,-1483121510
559,150.204.49.186,5.144.130.116,2219446269,103,2219446269,1736078629
560,199.167.138.18,150.204.49.186,3955524898,104,3955524898,-557091589
561,199.167.138.18,150.204.49.186,3398433309,105,3398433309,146631488
562,5.144.130.116,150.204.49.186,3545064797,106,3545064797,1460
563,5.144.130.116,150.204.49.186,3545066257,107,3545066257,1460
564,5.144.130.116,150.204.49.186,3545067717,108,3545067717,1460
565,5.144.130.116,150.204.49.186,3545069177,109,3545069177,1460
566,5.144.130.116,150.204.49.186,3545070637,110,3545070637,1460
568,5.144.130.116,150.204.49.186,3545072097,111,3545072097,1460
569,5.144.130.116,150.204.49.186,3545073557,112,3545073557,1460
571,5.144.130.116,150.204.49.186,3545075017,113,3545075017,1460
572,5.144.130.116,150.204.49.186,3545076477,114,3545076477,1460
573,5.144.130.116,150.204.49.186,3545077937,115,3545077937,1460
574,5.144.130.116,150.204.49.186,3545079397,116,3545079397,1460
575,5.144.130.116,150.204.49.186,3545080857,117,3545080857,1460
576,5.144.130.116,150.204.49.186,3545082317,118,3545082317,1460
577,5.144.130.116,150.204.49.186,3545083777,119,3545083777,1460
579,5.144.130.116,150.204.49.186,3545085237,120,3545085237,410441121
581,199.167.138.18,150.204.49.186,3955526358,121,3955526358,1460
582,199.167.138.18,150.204.49.186,3955527818,122,3955527818,1460
583,199.167.138.18,150.204.49.186,3955529278,123,3955529278,-585634012
584,150.204.49.186,199.167.138.18,3369895266,124,3369895266,175191431
588,5.144.130.116,150.204.49.186,3545086697,125,3545086697,1460
589,5.144.130.116,150.204.49.186,3545088157,126,3545088157,1460
590,5.144.130.116,150.204.49.186,3545089617,127,3545089617,1460
592,5.144.130.116,150.204.49.186,3545091077,128,3545091077,1460
593,5.144.130.116,150.204.49.186,3545092537,129,3545092537,1460
594,5.144.130.116,150.204.49.186,3545093997,130,3545093997,-324793286
596,5.144.130.116,150.204.49.186,3220300711,131,3220300711,-1435733236
597,5.144.130.116,150.204.49.186,1784567475,132,1784567475,-1320082861
599,199.167.138.18,150.204.49.186,464484614,133,464484614,1725122461
601,199.167.138.18,150.204.49.186,2189607075,134,2189607075,1460
602,199.167.138.18,150.204.49.186,2189608535,135,2189608535,-1435881112
603,150.204.49.186,199.167.138.18,753727423,136,753727423,988323531
604,150.204.49.186,199.167.138.18,1742050954,137,1742050954,1656383815
606,199.167.138.18,150.204.49.186,3398434769,138,3398434769,1460
607,199.167.138.18,150.204.49.186,3398436229,139,3398436229,1460
608,199.167.138.18,150.204.49.186,3398437689,140,3398437689,-1991144397
609,150.204.49.186,199.167.138.18,1407293292,141,1407293292,2137802165
610,5.144.130.116,150.204.49.186,3545095457,142,3545095457,1460
611,5.144.130.116,150.204.49.186,3545096917,143,3545096917,1460
613,5.144.130.116,150.204.49.186,3545098377,144,3545098377,1460
614,5.144.130.116,150.204.49.186,3545099837,145,3545099837,1460
615,5.144.130.116,150.204.49.186,3545101297,146,3545101297,1460
616,5.144.130.116,150.204.49.186,3545102757,147,3545102757,1460
617,5.144.130.116,150.204.49.186,3545104217,148,3545104217,1460
619,5.144.130.116,150.204.49.186,3545105677,149,3545105677,463859137
620,150.204.49.186,5.144.130.116,4008964814,150,4008964814,-3564918007
621,150.204.49.186,5.144.130.116,444046807,151,444046807,3101060330
622,5.144.130.116,150.204.49.186,3545107137,152,3545107137,1460
624,5.144.130.116,150.204.49.186,3545108597,153,3545108597,1460
625,5.144.130.116,150.204.49.186,3545110057,154,3545110057,1460
626,5.144.130.116,150.204.49.186,3545111517,155,3545111517,1460
627,5.144.130.116,150.204.49.186,3545112977,156,3545112977,1460
629,5.144.130.116,150.204.49.186,3545114437,157,3545114437,1460
630,5.144.130.116,150.204.49.186,3545115897,158,3545115897,1460
631,5.144.130.116,150.204.49.186,3545117357,159,3545117357,1460
633,5.144.130.116,150.204.49.186,3545118817,160,3545118817,1460
634,5.144.130.116,150.204.49.186,3545120277,161,3545120277,1460
636,5.144.130.116,150.204.49.186,3545121737,162,3545121737,1460
637,5.144.130.116,150.204.49.186,3545123197,163,3545123197,1460
638,5.144.130.116,150.204.49.186,3545124657,164,3545124657,1460
639,5.144.130.116,150.204.49.186,3545126117,165,3545126117,1460
640,5.144.130.116,150.204.49.186,3545127577,166,3545127577,1460
641,5.144.130.116,150.204.49.186,3545129037,167,3545129037,1460
643,5.144.130.116,150.204.49.186,3545130497,168,3545130497,1460
644,5.144.130.116,150.204.49.186,3545131957,169,3545131957,-1406873271
646,150.204.49.186,216.58.213.67,2138258686,170,2138258686,211236534
647,150.204.49.186,216.58.213.67,2349495220,171,2349495220,1195638197
648,5.144.130.116,150.204.49.186,3545133417,172,3545133417,1460
649,5.144.130.116,150.204.49.186,3545134877,173,3545134877,-2506107597
651,216.58.213.67,150.204.49.186,1039027280,174,1039027280,1099231407
652,150.204.49.186,216.58.213.67,2138258687,175,2138258687,1728745498
653,216.58.213.67,150.204.49.186,3867004185,176,3867004185,-1517508964
654,150.204.49.186,216.58.213.67,2349495221,177,2349495221,1195641116
657,5.144.130.116,150.204.49.186,3545136337,178,3545136337,1460
658,5.144.130.116,150.204.49.186,3545137797,179,3545137797,1460
659,5.144.130.116,150.204.49.186,3545139257,180,3545139257,1460
660,5.144.130.116,150.204.49.186,3545140717,181,3545140717,1460
662,5.144.130.116,150.204.49.186,3545142177,182,3545142177,1460
663,5.144.130.116,150.204.49.186,3545143637,183,3545143637,1460
664,5.144.130.116,150.204.49.186,3545145097,184,3545145097,1460
665,5.144.130.116,150.204.49.186,3545146557,185,3545146557,-2506119276
667,216.58.213.67,150.204.49.186,1039027281,186,1039027281,2827976905
668,216.58.213.67,150.204.49.186,3867004186,187,3867004186,1430
670,216.58.213.67,150.204.49.186,3867005616,188,3867005616,-1517510199
671,150.204.49.186,216.58.213.67,2349495417,189,2349495417,1517511629
672,216.58.213.67,150.204.49.186,3867007046,190,3867007046,-2827978335
674,216.58.213.67,150.204.49.186,1039028711,191,1039028711,1430
675,216.58.213.67,150.204.49.186,1039030141,192,1039030141,1236
676,216.58.213.67,150.204.49.186,1039031377,193,1039031377,1099227506
677,150.204.49.186,216.58.213.67,2138258883,194,2138258883,469362097
678,150.204.49.186,216.58.213.78,2607620980,195,2607620980,1173295499
681,216.58.213.78,150.204.49.186,3780916479,196,3780916479,-1173295498
682,150.204.49.186,216.58.213.78,2607620981,197,2607620981,1259387383
683,216.58.213.67,150.204.49.186,3867008364,198,3867008364,294
684,216.58.213.67,150.204.49.186,3867008658,199,3867008658,62
685,216.58.213.67,150.204.49.186,3867008720,200,3867008720,-1517513045
686,150.204.49.186,216.58.213.67,2349495675,201,2349495675,-1310464216
687,216.58.213.67,150.204.49.186,1039031459,202,1039031459,294
688,216.58.213.67,150.204.49.186,1039031753,203,1039031753,62
689,216.58.213.67,150.204.49.186,1039031815,204,1039031815,1099227326
690,150.204.49.186,216.58.213.67,2138259141,205,2138259141,1642657339
692,216.58.213.78,150.204.49.186,3780916480,206,3780916480,1430
694,216.58.213.78,150.204.49.186,3780917910,207,3780917910,1430
695,216.58.213.78,150.204.49.186,3780919340,208,3780919340,-1173298163
696,150.204.49.186,216.58.213.78,2607621177,209,2607621177,-258125449
699,150.204.49.186,216.58.213.67,2349495728,210,2349495728,50
700,150.204.49.186,216.58.213.67,2349495778,211,2349495778,-211236636
702,150.204.49.186,216.58.213.67,2138259142,200,2138259142,211236678
703,150.204.49.186,216.58.213.67,2349495820,200,2349495820,38
704,150.204.49.186,216.58.213.67,2349495858,235,2349495858,199
705,150.204.49.186,216.58.213.67,2349496057,235,2349496057,1431424602
706,216.58.213.78,150.204.49.186,3780920659,235,3780920659,294
707,216.58.213.78,150.204.49.186,3780920953,235,3780920953,62
708,216.58.213.78,150.204.49.186,3780921015,235,3780921015,86087747
709,216.58.213.67,150.204.49.186,3867008762,235,3867008762,-1259387327
711,150.204.49.186,216.58.213.78,2607621435,235,2607621435,1259387365
712,216.58.213.67,150.204.49.186,3867008800,235,3867008800,310
714,216.58.213.67,150.204.49.186,3867009110,235,3867009110,1430
715,216.58.213.67,150.204.49.186,3867010540,235,3867010540,-1517514391
716,150.204.49.186,216.58.213.67,2349496149,235,2349496149,1517515821
717,216.58.213.67,150.204.49.186,3867011970,235,3867011970,1430
718,216.58.213.67,150.204.49.186,3867013400,235,3867013400,1430
719,216.58.213.67,150.204.49.186,3867014830,40,3867014830,1430
720,216.58.213.67,150.204.49.186,3867016260,40,3867016260,1430
721,216.58.213.67,150.204.49.186,3867017690,40,3867017690,1430
722,216.58.213.67,150.204.49.186,3867019120,40,3867019120,1430
724,216.58.213.67,150.204.49.186,3867020550,40,3867020550,1430
725,216.58.213.67,150.204.49.186,3867021980,40,3867021980,1430
726,216.58.213.67,150.204.49.186,3867023410,40,3867023410,1430
727,216.58.213.67,150.204.49.186,3867024840,40,3867024840,1430
728,216.58.213.67,150.204.49.186,3867026270,40,3867026270,1430
729,216.58.213.67,150.204.49.186,3867027700,40,3867027700,1430
731,216.58.213.67,150.204.49.186,3867029130,40,3867029130,1430
732,216.58.213.67,150.204.49.186,3867030560,40,3867030560,1430
733,216.58.213.67,150.204.49.186,3867031990,40,3867031990,1430
734,216.58.213.67,150.204.49.186,3867033420,40,3867033420,1430
735,216.58.213.67,150.204.49.186,3867034850,40,3867034850,1430
736,216.58.213.67,150.204.49.186,3867036280,40,3867036280,1430
738,216.58.213.67,150.204.49.186,3867037710,40,3867037710,1430
739,216.58.213.67,150.204.49.186,3867039140,40,3867039140,1430
740,216.58.213.67,150.204.49.186,3867040570,40,3867040570,1430
741,216.58.213.67,150.204.49.186,3867042000,40,3867042000,1430
742,216.58.213.67,150.204.49.186,3867043430,40,3867043430,1430
743,216.58.213.67,150.204.49.186,3867044860,40,3867044860,1430
744,216.58.213.67,150.204.49.186,3867046290,40,3867046290,1430
746,216.58.213.67,150.204.49.186,3867047720,40,3867047720,1430
747,216.58.213.67,150.204.49.186,3867049150,40,3867049150,1430
748,216.58.213.67,150.204.49.186,3867050580,40,3867050580,1430
751,216.58.213.67,150.204.49.186,3867052010,40,3867052010,1430
752,216.58.213.67,150.204.49.186,3867053440,40,3867053440,1430
753,216.58.213.67,150.204.49.186,3867054870,40,3867054870,1430
754,216.58.213.67,150.204.49.186,3867056300,40,3867056300,1430
755,216.58.213.67,150.204.49.186,3867057730,40,3867057730,1430
756,216.58.213.67,150.204.49.186,3867059160,40,3867059160,1430
757,216.58.213.67,150.204.49.186,3867060590,40,3867060590,1430
759,216.58.213.67,150.204.49.186,3867062020,40,3867062020,1430
760,216.58.213.67,150.204.49.186,3867063450,40,3867063450,1430
761,216.58.213.67,150.204.49.186,3867064880,40,3867064880,1430
762,216.58.213.67,150.204.49.186,3867066310,40,3867066310,1430
763,216.58.213.67,150.204.49.186,3867067740,40,3867067740,1430
764,216.58.213.67,150.204.49.186,3867069170,40,3867069170,1430
766,216.58.213.67,150.204.49.186,3867070600,40,3867070600,1430
767,216.58.213.67,150.204.49.186,3867072030,40,3867072030,1430
768,216.58.213.67,150.204.49.186,3867073460,40,3867073460,1430
769,216.58.213.67,150.204.49.186,3867074890,40,3867074890,1430
770,216.58.213.67,150.204.49.186,3867076320,40,3867076320,1430
771,216.58.213.67,150.204.49.186,3867077750,40,3867077750,1430
774,216.58.213.67,150.204.49.186,3867079180,40,3867079180,1430
775,216.58.213.67,150.204.49.186,3867080610,40,3867080610,1430
776,216.58.213.67,150.204.49.186,3867082040,40,3867082040,1430
777,216.58.213.67,150.204.49.186,3867083470,40,3867083470,1430
778,216.58.213.67,150.204.49.186,3867084900,40,3867084900,1430
779,216.58.213.67,150.204.49.186,3867086330,40,3867086330,1430
781,216.58.213.67,150.204.49.186,3867087760,40,3867087760,1430
782,216.58.213.67,150.204.49.186,3867089190,40,3867089190,1430
783,216.58.213.67,150.204.49.186,3867090620,40,3867090620,1430
784,216.58.213.67,150.204.49.186,3867092050,40,3867092050,1430
785,216.58.213.67,150.204.49.186,3867093480,40,3867093480,1318
787,216.58.213.67,150.204.49.186,3867094798,40,3867094798,1430
788,216.58.213.67,150.204.49.186,3867096228,40,3867096228,1430
790,216.58.213.67,150.204.49.186,3867097658,40,3867097658,1430
791,216.58.213.67,150.204.49.186,3867099088,40,3867099088,1430
792,216.58.213.67,150.204.49.186,3867100518,40,3867100518,1430
793,216.58.213.67,150.204.49.186,3867101948,40,3867101948,1430
794,216.58.213.67,150.204.49.186,3867103378,40,3867103378,1430
795,216.58.213.67,150.204.49.186,3867104808,40,3867104808,1430
797,216.58.213.67,150.204.49.186,3867106238,40,3867106238,1430
798,216.58.213.67,150.204.49.186,3867107668,40,3867107668,1430
799,216.58.213.67,150.204.49.186,3867109098,40,3867109098,1430
800,216.58.213.67,150.204.49.186,3867110528,40,3867110528,1430
801,216.58.213.67,150.204.49.186,3867111958,40,3867111958,1430
802,216.58.213.67,150.204.49.186,3867113388,40,3867113388,1430
803,216.58.213.67,150.204.49.186,3867114818,40,3867114818,112
805,216.58.213.67,150.204.49.186,3867114930,40,3867114930,1430
806,216.58.213.67,150.204.49.186,3867116360,40,3867116360,1186
808,216.58.213.67,150.204.49.186,3867117546,40,3867117546,1430
809,216.58.213.67,150.204.49.186,3867118976,40,3867118976,1430
810,216.58.213.67,150.204.49.186,3867120406,40,3867120406,1430
811,216.58.213.67,150.204.49.186,3867121836,40,3867121836,1430
812,216.58.213.67,150.204.49.186,3867123266,40,3867123266,1430
813,216.58.213.67,150.204.49.186,3867124696,40,3867124696,1430
814,216.58.213.67,150.204.49.186,3867126126,40,3867126126,1430
816,216.58.213.67,150.204.49.186,3867127556,40,3867127556,1430
817,216.58.213.67,150.204.49.186,3867128986,40,3867128986,1430
819,216.58.213.67,150.204.49.186,3867130416,40,3867130416,1430
820,216.58.213.67,150.204.49.186,3867131846,40,3867131846,1430
821,216.58.213.67,150.204.49.186,3867133276,40,3867133276,1430
822,216.58.213.67,150.204.49.186,3867134706,40,3867134706,1430
823,216.58.213.67,150.204.49.186,3867136136,40,3867136136,1430
824,216.58.213.67,150.204.49.186,3867137566,40,3867137566,1430
826,216.58.213.67,150.204.49.186,3867138996,40,3867138996,1430
827,216.58.213.67,150.204.49.186,3867140426,40,3867140426,1430
828,216.58.213.67,150.204.49.186,3867141856,40,3867141856,1430
829,216.58.213.67,150.204.49.186,3867143286,40,3867143286,1430
830,216.58.213.67,150.204.49.186,3867144716,40,3867144716,1430
831,216.58.213.67,150.204.49.186,3867146146,40,3867146146,244
832,216.58.213.67,150.204.49.186,3867146390,40,3867146390,1430
835,216.58.213.67,150.204.49.186,3867147820,40,3867147820,1430
836,216.58.213.67,150.204.49.186,3867149250,40,3867149250,1430
837,216.58.213.67,150.204.49.186,3867150680,40,3867150680,-1517654485
838,150.204.49.186,216.58.213.67,2349496195,40,2349496195,1517655255
840,216.58.213.67,150.204.49.186,3867151450,40,3867151450,-3322176073
841,150.204.49.186,216.58.213.67,544975377,40,544975377,1122337238
842,216.58.213.67,150.204.49.186,1667312615,40,1667312615,-1122337237
843,150.204.49.186,216.58.213.67,544975378,40,544975378,1122337238
845,216.58.213.67,150.204.49.186,1667312616,40,1667312616,1430
847,216.58.213.67,150.204.49.186,1667314046,40,1667314046,1430
848,216.58.213.67,150.204.49.186,1667315476,40,1667315476,1236
849,216.58.213.67,150.204.49.186,1667316712,40,1667316712,-1122341136
850,150.204.49.186,216.58.213.67,544975576,40,544975576,1122341218
852,216.58.213.67,150.204.49.186,1667316794,40,1667316794,294
853,216.58.213.67,150.204.49.186,1667317088,40,1667317088,62
854,216.58.213.67,150.204.49.186,1667317150,40,1667317150,-1122341316
855,150.204.49.186,216.58.213.67,544975834,40,544975834,3000172183
856,5.144.130.116,150.204.49.186,3545148017,40,3545148017,1460
857,5.144.130.116,150.204.49.186,3545149477,40,3545149477,1460
859,5.144.130.116,150.204.49.186,3545150937,40,3545150937,1460
860,5.144.130.116,150.204.49.186,3545152397,40,3545152397,1460
861,5.144.130.116,150.204.49.186,3545153857,40,3545153857,1460
862,5.144.130.116,150.204.49.186,3545155317,40,3545155317,1460
864,5.144.130.116,150.204.49.186,3545156777,40,3545156777,1460
865,5.144.130.116,150.204.49.186,3545158237,40,3545158237,1460
866,5.144.130.116,150.204.49.186,3545159697,40,3545159697,1460
867,5.144.130.116,150.204.49.186,3545161157,40,3545161157,1460
869,5.144.130.116,150.204.49.186,3545162617,40,3545162617,1460
870,5.144.130.116,150.204.49.186,3545164077,40,3545164077,1460
872,5.144.130.116,150.204.49.186,3545165537,40,3545165537,1460
873,5.144.130.116,150.204.49.186,3545166997,40,3545166997,1460
874,5.144.130.116,150.204.49.186,3545168457,40,3545168457,1460
875,5.144.130.116,150.204.49.186,3545169917,40,3545169917,1460
876,5.144.130.116,150.204.49.186,3545171377,40,3545171377,1460
878,5.144.130.116,150.204.49.186,3545172837,40,3545172837,1460
879,5.144.130.116,150.204.49.186,3545174297,40,3545174297,1460
880,5.144.130.116,150.204.49.186,3545175757,40,3545175757,1460
882,5.144.130.116,150.204.49.186,3545177217,40,3545177217,1460
883,5.144.130.116,150.204.49.186,3545178677,40,3545178677,1460
885,5.144.130.116,150.204.49.186,3545180137,40,3545180137,1460
886,5.144.130.116,150.204.49.186,3545181597,40,3545181597,1460
887,5.144.130.116,150.204.49.186,3545183057,40,3545183057,1460
888,5.144.130.116,150.204.49.186,3545184517,40,3545184517,1460
890,5.144.130.116,150.204.49.186,3545185977,40,3545185977,1460
891,5.144.130.116,150.204.49.186,3545187437,40,3545187437,1460
892,5.144.130.116,150.204.49.186,3545188897,40,3545188897,259934735
895,150.204.49.186,216.58.213.67,3805123632,40,3805123632,-2047830109
896,150.204.48.108,150.204.50.42,1757293523,40,1757293523,1
897,150.204.48.108,150.204.50.42,1757293524,40,1757293524,252
898,150.204.48.108,150.204.50.42,1757293776,40,1757293776,-272890323
899,150.204.49.186,212.58.246.94,1484403453,40,1484403453,205018988
900,150.204.49.186,2.22.228.26,1689422441,40,1689422441,-1664497976
901,150.204.49.186,2.22.228.26,24924465,40,24924465,3174693856
902,150.204.49.186,2.22.228.26,3199618321,40,3199618321,-1651116718
903,150.204.49.186,46.236.9.36,1548501603,40,1548501603,-729633039
904,150.204.49.186,46.236.9.36,818868564,40,818868564,1216033851
905,150.204.49.186,46.236.9.36,2034902415,40,2034902415,-1664846412
906,150.204.49.186,23.3.67.49,370056003,40,370056003,1299512092
907,150.204.49.186,23.3.67.49,1669568095,40,1669568095,-400190926
908,150.204.49.186,23.3.67.49,1269377169,40,1269377169,48584165
909,2.22.228.26,150.204.49.186,1317961334,40,1317961334,158829406
910,2.22.228.26,150.204.49.186,1476790740,40,1476790740,2443008838
911,2.22.228.26,150.204.49.186,3919799578,40,3919799578,-2230377136
912,150.204.49.186,2.22.228.26,1689422442,40,1689422442,-1664497976
913,150.204.49.186,2.22.228.26,24924466,40,24924466,3174693856
914,150.204.49.186,2.22.228.26,3199618322,40,3199618322,-23819627
915,150.204.49.186,23.3.67.49,3175798695,40,3175798695,-431520171
916,150.204.49.186,23.3.67.49,2744278524,40,2744278524,-219469882
917,150.204.49.186,23.3.67.49,2524808642,40,2524808642,-136412745
918,150.204.49.186,23.3.67.49,2388395897,40,2388395897,181749088
919,150.204.49.186,23.3.67.49,2570144985,40,2570144985,-2055775659
920,150.204.49.186,23.3.67.49,514369326,40,514369326,2598853117
921,150.204.49.186,23.3.67.49,3113222443,40,3113222443,566872695
922,150.204.49.186,23.3.67.49,3680095138,40,3680095138,-2849343948
923,150.204.49.186,77.72.112.213,830751190,40,830751190,-259807027
924,150.204.49.186,77.72.112.213,570944163,40,570944163,3135453031
925,150.204.49.186,77.72.112.213,3706397194,40,3706397194,474444005
926,150.204.49.186,23.235.43.249,4180841199,40,4180841199,31209888
927,150.204.49.186,23.235.43.249,4212051087,40,4212051087,-3300972674
928,150.204.49.186,23.235.43.249,911078413,40,911078413,3192010775
929,150.204.49.186,23.3.67.49,4103089188,40,4103089188,-3695589788
930,150.204.49.186,23.3.67.49,407499400,40,407499400,1593618803
931,150.204.49.186,23.3.67.49,2001118203,40,2001118203,921938962
932,150.204.49.186,23.3.67.49,2923057165,40,2923057165,-41432491
933,150.204.49.186,23.3.67.49,2881624674,40,2881624674,-2800076490
934,150.204.49.186,23.3.67.49,81548184,40,81548184,2173795519
935,150.204.49.186,23.3.67.49,2255343703,40,2255343703,1829275261
936,150.204.49.186,23.3.67.49,4084618964,40,4084618964,-1385671469
937,150.204.49.186,23.3.67.49,2698947495,40,2698947495,-2135558113
938,150.204.49.186,23.3.67.49,563389382,40,563389382,1516920434
939,150.204.49.186,23.3.67.49,2080309816,40,2080309816,-1964405848
940,150.204.49.186,212.58.244.115,115903968,40,115903968,279877077
941,150.204.49.186,212.58.244.115,395781045,40,395781045,1637686443
942,150.204.49.186,212.58.244.115,2033467488,40,2033467488,-668450354
943,212.58.246.94,150.204.49.186,1365017134,40,1365017134,119386320
944,150.204.49.186,212.58.246.94,1484403454,40,1484403454,292517205
945,23.3.67.49,150.204.49.186,1776920659,40,1776920659,-1350434448
946,23.3.67.49,150.204.49.186,426486211,40,426486211,-56430207
947,150.204.49.186,23.3.67.49,370056004,40,370056004,1299512092
948,150.204.49.186,23.3.67.49,1669568096,40,1669568096,2365485480
949,23.3.67.49,150.204.49.186,4035053576,40,4035053576,-6975561
950,23.3.67.49,150.204.49.186,4028078015,40,4028078015,-1612694091
951,46.236.9.36,150.204.49.186,2415383924,40,2415383924,404011510
952,23.3.67.49,150.204.49.186,2819395434,40,2819395434,1189898331
953,46.236.9.36,150.204.49.186,4009293765,50,4009293765,-2231551181
954,23.3.67.49,150.204.49.186,1777742584,45,1777742584,1068265148
955,23.3.67.49,150.204.49.186,2846007732,33,2846007732,-321199089
956,150.204.49.186,23.3.67.49,2524808643,3,2524808643,-976307039
957,150.204.49.186,46.236.9.36,1548501604,2,1548501604,-729633039
958,150.204.49.186,46.236.9.36,818868565,3,818868565,450508605
959,150.204.49.186,23.3.67.49,1269377170,4,1269377170,1119018728
960,150.204.49.186,23.3.67.49,2388395898,5,2388395898,787402798
961,150.204.49.186,23.3.67.49,3175798696,6,3175798696,-431520171
962,150.204.49.186,23.3.67.49,2744278525,7,2744278525,-972113499
963,23.3.67.49,150.204.49.186,1772165026,8,1772165026,-1618976110
964,46.236.9.36,150.204.49.186,153188916,9,153188916,263062863
965,23.3.67.49,150.204.49.186,416251779,10,416251779,3626636206
966,23.3.67.49,150.204.49.186,4042887985,11,4042887985,-1199675245
967,23.3.67.49,150.204.49.186,2843212740,12,2843212740,-273067754
968,150.204.49.186,23.3.67.49,2570144986,13,2570144986,-535242570
969,150.204.49.186,46.236.9.36,2034902416,14,2034902416,-1520533089
970,150.204.49.186,23.3.67.49,514369327,200,514369327,2598853117
971,150.204.49.186,23.3.67.49,3113222444,200,3113222444,566872695
972,150.204.49.186,23.3.67.49,3680095139,235,3680095139,-3270350125
973,23.3.67.49,150.204.49.186,409745014,235,409745014,3644433554
974,23.3.67.49,150.204.49.186,4054178568,235,4054178568,-25845583
975,23.3.67.49,150.204.49.186,4028332985,235,4028332985,-2271071744
976,23.3.67.49,150.204.49.186,1757261241,235,1757261241,1089660923
977,23.3.67.49,150.204.49.186,2846922164,235,2846922164,-2415268043
978,23.3.67.49,150.204.49.186,431654121,235,431654121,3671435068
979,150.204.49.186,23.3.67.49,4103089189,235,4103089189,-4021541004
980,150.204.49.186,23.3.67.49,81548185,235,81548185,325951216
981,150.204.49.186,23.3.67.49,407499401,235,407499401,2515557765
982,150.204.49.186,23.3.67.49,2923057166,235,2923057166,-921938962
983,150.204.49.186,23.3.67.49,2001118204,235,2001118204,880506471
984,150.204.49.186,23.3.67.49,2881624675,235,2881624675,-29501589
985,23.3.67.49,150.204.49.186,2852123086,40,2852123086,-2430866728
986,23.3.67.49,150.204.49.186,421256358,40,421256358,2429525312
987,23.3.67.49,150.204.49.186,2850781670,40,2850781670,-1090131158
988,23.3.67.49,150.204.49.186,1760650512,40,1760650512,494693192
989,150.204.49.186,23.3.67.49,2255343704,40,2255343704,1829275261
990,150.204.49.186,23.3.67.49,4084618965,40,4084618965,-3521229582
991,150.204.49.186,23.3.67.49,563389383,40,563389383,1516920434
992,150.204.49.186,23.3.67.49,2080309817,40,2080309817,1972967888
993,23.3.67.49,150.204.49.186,4053277705,40,4053277705,-2729744897
994,212.58.244.115,150.204.49.186,1323532808,40,1323532808,2558637723
995,212.58.244.115,150.204.49.186,3882170531,40,3882170531,-3239903423
996,212.58.244.115,150.204.49.186,642267108,40,642267108,2056680388
997,150.204.49.186,23.3.67.49,2698947496,40,2698947496,-2303166450
998,150.204.49.186,212.58.244.115,395781046,40,395781046,-279877077
999,150.204.49.186,212.58.244.115,115903969,40,115903969,1917563520
1000,150.204.49.186,212.58.244.115,2033467489,40,2033467489,-288637025
,,,,,1744830464,16777216
,,,,,1761607680,16777216
,,,,,1778384896,16777216
,,,,,1795162112,16777216
,,,,,1811939328,16777216
,,,,,1828716544,16777216
,,,,,1845493760,16777216
,,,,,1862270976,16777216
,,,,,1879048192,16777216
,,,,,1895825408,16777216
,,,,,1912602624,16777216
,,,,,1929379840,16777216
,,,,,1946157056,16777216
,,,,,1962934272,16777216
,,,,,1979711488,16777216
,,,,,1996488704,16777216
,,,,,2013265920,16777216
,,,,,2030043136,16777216
,,,,,2046820352,16777216
,,,,,2063597568,16777216
,,,,,2080374784,16777216
,,,,,2097152000,16777216
,,,,,2113929216,16777216
,,,,,2130706432,16777216
,,,,,2147483648,16777216
,,,,,2164260864,16777216
,,,,,2181038080,16777216
,,,,,2197815296,16777216
,,,,,2214592512,16777216
,,,,,2231369728,16777216
,,,,,2248146944,16777216
,,,,,2264924160,16777216
,,,,,2281701376,16777216
,,,,,2298478592,16777216
,,,,,2315255808,16777216
,,,,,2332033024,16777216
,,,,,2348810240,16777216
,,,,,2365587456,16777216
,,,,,2382364672,16777216
,,,,,2399141888,16777216
,,,,,2415919104,16777216
,,,,,2432696320,16777216
,,,,,2449473536,16777216
,,,,,2466250752,16777216
,,,,,2483027968,16777216
,,,,,2499805184,16777216
,,,,,2516582400,16777216
,,,,,2533359616,16777216
,,,,,2550136832,16777216
,,,,,2566914048,16777216
,,,,,2583691264,16777216
,,,,,2600468480,16777216
,,,,,2617245696,16777216
,,,,,2634022912,16777216
,,,,,2650800128,16777216
,,,,,2667577344,16777216
,,,,,2684354560,16777216
,,,,,2701131776,16777216
,,,,,2717908992,16777216
,,,,,2734686208,16777216
,,,,,2751463424,16777216
,,,,,2768240640,16777216
,,,,,2785017856,16777216
,,,,,2801795072,16777216
,,,,,2818572288,16777216
,,,,,2835349504,16777216
,,,,,2852126720,16777216
,,,,,2868903936,16777216
,,,,,2885681152,16777216
,,,,,2902458368,-2885681152
,,,,,16777216,16777216
,,,,,33554432,16777216
,,,,,50331648,16777216
,,,,,67108864,16777216
,,,,,83886080,16777216
,,,,,100663296,67108864
,,,,,167772160,167772160
,,,,,335544320,167772160
,,,,,503316480,-503316480
